question_id,agent,model,question,topic,answer_pred,answer_gold,hit,agee,coverage,info_rate,efficiency,traj_length,n_unique,n_nodes_graph,n_edges_graph,n_steps,time_sec,skip_reason
0,llm_react,mistral:7b-instruct,who starred together with [Mike Patton],Mike Patton,Mike Patton,Karen Black,1,0.4804079832656207,0.6,0.145,1.0,10,3,5,4,10,110.69771075248718,
1,llm_react,mistral:7b-instruct,what are the main languages in [Maurizio Lucidi] written films,Maurizio Lucidi,Italian,Italian,1,0.5371295918232165,0.42857142857142855,0.39880952380952384,1.0,4,3,7,6,4,60.104042530059814,
2,llm_react,mistral:7b-instruct,who acted together with [Gunnel Lindblom],Gunnel Lindblom,"5 (Gunnel Lindblom) as we are already connected to her and need to find more actors who acted together. If we can find another actor connected to Gunnel Lindblom, it would help us answer the question.",Bibi Andersson|Ingrid Thulin|Harriet Andersson,0,0.2603971784149855,0.03174603174603174,0.2916666666666667,1.0,6,2,21,22,6,87.62576675415039,
3,llm_react,mistral:7b-instruct,who starred in the movies written by [Jerry LaMothe],Jerry LaMothe,Jerry LaMothe,Amber Tamblyn|Jeffrey Wright|Katie Stuart|Aidan Gillen|Michael B. Jordan|Armie Hammer|Zoe Saldana,1,0.37813790273676984,0.35714285714285715,0.16283716283716285,0.8809523809523809,11,5,14,13,10,208.67155742645264,
4,llm_react,mistral:7b-instruct,the screenwriter [Aaron Lipstadt] co-wrote films with who,Aaron Lipstadt,James Reigle,James Reigle,1,0.3025050900360616,0.1875,0.13125,1.0,10,3,8,7,10,92.74311447143555,
5,llm_react,mistral:7b-instruct,what types are the movies written by [Rob Williams],Rob Williams,Rob Williams,Comedy,0,0.5886179946601142,0.25,0.8214285714285714,1.0,2,2,8,7,2,22.998231887817383,
6,llm_react,mistral:7b-instruct,the scriptwriter of [The World of Apu] also wrote which films,The World of Apu,,Charulata|Ashani Sanket|Pather Panchali|Kanchenjungha|Aparajito,0,0.3905061622760074,3.316859597333244e-05,0.9156025075458556,1.0,2,2,4307,4505,2,42.36080741882324,
7,llm_react,mistral:7b-instruct,the screenwriter [Hermann Hesse] co-wrote movies with who,Hermann Hesse,Hermann Hesse,Conrad Rooks,0,0.4048245507242812,0.4,0.145,1.0,10,2,5,4,10,105.23952579498291,
8,llm_react,mistral:7b-instruct,what are the genres of the films written by [Andrea Gyertson Nasfell],Andrea Gyertson Nasfell,Comedy,Comedy,1,0.4327034295704625,0.2,0.4277777777777778,1.0,4,2,10,9,4,51.43559813499451,
9,llm_react,mistral:7b-instruct,who is listed as director of [Richard Wattis] starred movies,Richard Wattis,Val Guest,Val Guest,1,0.3976903767354566,0.4444444444444444,0.16805555555555557,0.7777777777777778,10,4,9,8,10,135.1685435771942,
10,llm_react,mistral:7b-instruct,which movies share the same director of [Thirteen Conversations About One Thing],Thirteen Conversations About One Thing,Clockwatchers,Clockwatchers|Thin Ice,1,0.1816574528446004,5.1649335445217244e-05,0.15146089362741108,1.0,11,3,4468,4713,10,106.37287163734436,
11,llm_react,mistral:7b-instruct,what are the genres of the films directed by [Lewis R. Foster],Lewis R. Foster,"Drama, politics, national film registry, political, james stewart are tags associated with Mr. Smith Goes to Washington. However, Lewis R. Foster is credited as a writer, not a director for this film. Therefore, I cannot definitively say what genres of films were directed by Lewis R. Foster based on the provided information.",Western,0,0.4604377707625374,0.5285748772352554,0.18333333333333332,0.9054054054054055,10,5,34,34,10,212.37839341163635,
12,llm_react,mistral:7b-instruct,which movies share the same director of [Everything Put Together],Everything Put Together,"Everything Put Together, World War Z, Machine Gun Preacher, Finding Neverland, Quantum of Solace, The Kite Runner are the movies that share the same director with Everything Put Together (Marc Forster).",Machine Gun Preacher|Quantum of Solace|Finding Neverland|Stay|World War Z|Monster's Ball|The Kite Runner,1,0.3953632143213258,3.00367950739656e-05,0.9369086505969813,1.0,2,2,4439,4686,2,30.954445600509644,
13,llm_react,mistral:7b-instruct,what genres are the movies acted by [Ryun Jang] in,Ryun Jang,"Ryun Jang (as he is an actor, and we are interested in the genres of movies he acted in)",Drama|Crime,0,0.4048245507242812,0.4,0.145,1.0,10,2,5,4,10,107.10228300094604,
14,llm_react,mistral:7b-instruct,which films have the same director of [The Merchant of Four Seasons],The Merchant of Four Seasons,"The films directed by Rainer Werner Fassbinder include Querelle, Effi Briest, Water Drops on Burning Rocks, The Marriage of Maria Braun, Martha, Lola, The American Soldier, Fox and His Friends, Chinese Roulette, The Bitter Tears of Petra von Kant, Why Does Herr R. Run Amok?, Gods of the Plague, and Despair (in addition to The Merchant of Four Seasons).",Beware of a Holy Whore|Veronika Voss|Lola|Gods of the Plague|Whity|World on a Wire|Chinese Roulette|Why Does Herr R. Run Amok?|Katzelmacher|Effi Briest|Satan's Brew|Martha|Fox and His Friends|Despair|The Bitter Tears of Petra von Kant|Querelle|The Marriage of Maria Braun|Lili Marleen|The American Soldier,1,0.40281461629045767,0.0014880952380952376,0.969812925170068,1.0,2,2,448,489,2,46.51475429534912,
15,llm_react,mistral:7b-instruct,the actor in [Clockers] also appears in which films,Clockers,"Mekhi Phifer has appeared in several films, but since we are looking for other films apart from Clockers where he starred, I will choose a different film. One of his notable roles was in ""8 Mile"" (number 9 on the list).","Reservoir Dogs|Buffalo Bill and the Indians, or Sitting Bull's History Lesson|Men of Respect|Fading Gigolo|Barton Fink|The Last Temptation of Christ|Dangerous Game|The Piano|Miller's Crossing|Rising Sun|Crooklyn|Honey|The Border|Blue Collar|8 Mile|The Two Jakes|Brain Donors|Red Dragon|Five Corners|The Luzhin Defence|Secret Window|Bad Lieutenant|O Brother, Where Art Thou?|Crime Spree|The January Man|Bad Timing|Heist|Quiz Show|Mr. Deeds|U-571|Cop Land|Who's That Knocking at My Door|Lulu on the Bridge|Imaginary Crimes|O|Smoke|Taking Sides|Hell's Kitchen|Mean Streets|Wrong Turn at Tahoe|A Beginner's Guide to Endings|Wise Guys|Shadows in the Sun|Domino|Bugsy|Paid in Full|The One|Head Above Water|City of Industry|Uninvited Guest|Puff, Puff, Pass|A Life Less Ordinary|Exposed|High School High|I Still Know What You Did Last Summer|Saturn 3",1,0.28207275676882876,2.6979630379063802e-05,0.47454471873735327,1.0,4,2,4942,5466,4,76.74737763404846,
16,llm_react,mistral:7b-instruct,what are the genres of the movies written by [Gordon Gordon],Gordon Gordon,Thriller,Thriller,1,0.4327034295704625,0.2,0.4277777777777778,1.0,4,2,10,9,4,47.90070557594299,
17,llm_react,mistral:7b-instruct,when did the movies directed by [Atsuya Uki] release,Atsuya Uki,2009,2009,1,0.6415953517083572,0.4,0.725,1.0,2,2,5,4,2,20.979809761047363,
18,llm_react,mistral:7b-instruct,which person directed the films acted by [Luana Anders],Luana Anders,Jack Hill,Francis Ford Coppola,0,0.418837943502665,0.2727272727272727,0.28939393939393937,1.0,6,3,11,10,6,77.37607336044312,
19,llm_react,mistral:7b-instruct,the films acted by [Lea Padovani] were directed by who,Lea Padovani,,Edward Dmytryk,0,0.44087333890802877,0.2,0.4511904761904762,1.0,4,3,15,14,4,85.63196969032288,
20,llm_react,mistral:7b-instruct,what genres do the films directed by [Shaad Ali] fall under,Shaad Ali,"The films directed by Shaad Ali fall under genres such as Crime, Comedy, and Adventure.",Comedy|Adventure|Crime,1,0.5664403261490971,0.2,0.8555555555555556,1.0,2,2,10,9,2,27.884904146194458,
21,llm_react,mistral:7b-instruct,what genres do the movies directed by [Wayne Kramer] fall under,Wayne Kramer,Running Scared,Action|Drama|Comedy|Crime,1,0.7514767973178744,0.7443901932511521,0.6029097133076594,1.0,3,3,41,45,3,40.41247248649597,
22,llm_react,mistral:7b-instruct,who are the actors in the movies written by [Chris Chibnall],Chris Chibnall,"Vegar Hoel, Berte Rommetveit, Håvard Lilleheie, Sondre Sørheim",Håvard Lilleheie|Sondre Sørheim|Berte Rommetveit|Vegar Hoel,1,0.4292536655840064,0.45454545454545453,0.17363636363636364,0.9189189189189191,10,5,11,10,10,180.4338161945343,
23,llm_react,mistral:7b-instruct,what are the movies that have the same actor of [Elvis on Tour],Elvis on Tour,"Love Me Tender, G.I. Blues, Loving You, Viva Las Vegas, Roustabout, Spinout, Double Trouble (These are the movies that Elvis Presley starred in, as per the given information.)","Jailhouse Rock|King Creole|Roustabout|Viva Las Vegas|Frankie and Johnny|Love Me Tender|The Trouble with Girls|Blue Hawaii|Paradise, Hawaiian Style|Double Trouble|Loving You|Easy Come, Easy Go|G.I. Blues|Girls! Girls! Girls!|Fun in Acapulco|Spinout|Follow That Dream|Clambake|Change of Habit|Harum Scarum|Speedway|Flaming Star|It Happened at the World's Fair|Wild in the Country",1,0.18966163437935138,0.0012870012870012867,0.1953822393822394,0.927710843373494,10,6,777,806,10,197.85818576812744,
24,llm_react,mistral:7b-instruct,when did the films written by [Robert Dunn] release,Robert Dunn,"The best next entity to visit to answer the question is Robert Dunn, as he is the writer of the film and his associated release year might provide the answer. So, 4.",2001,0,0.3919955418866163,0.3125,0.22708333333333333,0.8888888888888888,8,5,16,15,8,210.56068229675293,
25,llm_react,mistral:7b-instruct,when did the movies directed by [Wilfred Jackson] release,Wilfred Jackson,Snow White and the Seven Dwarfs (released in 1937),1997|1940|2002|1937|1950|2015|1914,1,0.6458065606038903,0.6796536796536796,0.43253773253773253,0.9500000000000001,5,3,77,94,5,121.24974608421326,
26,llm_react,mistral:7b-instruct,the movies starred by [Ned Beatty] were directed by who,Ned Beatty,"The next best entity to visit is 10, Steven Spielberg, as he directed several movies starring Ned Beatty. However, since we don't have any information yet about which specific movie of Ned Beatty was directed by him, I will wait for more entities to be visited before giving the final answer.",Michael Hoffman|David Anspaugh|Ronald Neame|Michael Crichton|Robert Altman|John Boorman|Richard Lester|Francis Veber|Steven Spielberg|Jim McBride|Joseph Sargent|Gore Verbinski|Steven Schachter|Joel Schumacher|Tom Gilroy|Mel Smith|Richard Donner,1,0.7839882309676968,0.9347985347985348,0.6028732519429941,0.8239845261121858,7,6,273,392,7,179.9545304775238,
27,llm_react,mistral:7b-instruct,which person directed the films acted by [Jane Cowl],Jane Cowl,"Sidney Franklin (as he directed the film Smilin' Through, in which Jane Cowl acted)",Wesley Ruggles|Mitchell Leisen,0,0.27433084507616984,0.057692307692307696,0.25774225774225773,1.0,7,3,26,26,7,88.83773183822632,
28,llm_react,mistral:7b-instruct,who are the actors of the director [Pascal Bourdiaux],Pascal Bourdiaux,Franck Dubosc,Franck Dubosc|Kev Adams,1,0.4277254571691289,0.5,0.16428571428571428,0.8412698412698413,10,4,8,7,10,139.64952659606934,
29,llm_react,mistral:7b-instruct,what languages are the movies written by [Garon Tsuchiya] in,Garon Tsuchiya,"The movies written by Garon Tsuchiya are in Japanese, as Oldboy is a Japanese film and it is typically written in the language of its origin.",Korean,0,0.33628855940819535,0.08333333333333333,0.3753623188405797,1.0,5,2,24,23,5,89.3645977973938,
30,llm_react,mistral:7b-instruct,who co-directed films with [Alastair Fothergill],Alastair Fothergill,"Alastair Fothergill has co-directed films with Mark Linfield, as they both directed African Cats together.",Mark Linfield|Keith Scholey|Andy Byatt|Deepa Mehta,1,0.7526081786934679,0.7651515151515151,0.5847362514029181,1.0,3,2,33,39,3,41.47741198539734,
31,llm_react,mistral:7b-instruct,the movies written by [Peter Askin] were directed by who,Peter Askin,Trumbo (directed by Peter Askin),Douglas McGrath,0,0.5717311747451503,0.5833333333333334,0.32857142857142857,1.0,5,2,12,11,5,56.38868999481201,
32,llm_react,mistral:7b-instruct,which films share the screenwriter with [The Blue Room],The Blue Room,"The films that share the screenwriter with ""The Blue Room"" are ""A Christmas Tale"", ""The Diving Bell and the Butterfly"", ""Late August, Early September"", and ""Quantum of Solace"". Mathieu Amalric starred in these films but also co-wrote ""The Blue Room"" and ""On Tour"" with other collaborators. However, since the question asks for films he shares the screenwriting credit with ""The Blue Room"", I have excluded ""On Tour"" from my answer.",On Tour,1,0.19421798956029984,0.00023212627669452182,0.18539594110624752,1.0,10,2,1077,1129,10,149.9307291507721,
33,llm_react,mistral:7b-instruct,who are the actors of the screenwriter [Martin Flavin],Martin Flavin,"Walter Huston, Phillips Holmes",Robert Montgomery|Phillips Holmes|Chester Morris|Walter Huston|Wallace Beery,1,0.44924324069784155,0.058823529411764705,0.8529411764705882,1.0,2,2,17,16,2,23.73084306716919,
34,llm_react,mistral:7b-instruct,which movies share the same actor of [A Fantastic Fear of Everything],A Fantastic Fear of Everything,"The movies that share the same actor with ""A Fantastic Fear of Everything"" featuring Simon Pegg are ""Big Nothing"", ""Shaun of the Dead"", and ""Hot Fuzz"". These three movies were visited during the traversal but not considered as the answer because the question asked for movies sharing the same actor with ""A Fantastic Fear of Everything"", not all movies starring Simon Pegg. However, since ""Big Nothing"" was already in the list of entities visited so far, it can be deduced that it shares the same actor with ""A Fantastic Fear of Everything"".",Paul|Hector and the Search for Happiness|Hot Fuzz|Big Nothing|Shaun of the Dead,1,0.1853797475478972,4.6763935652824566e-05,0.18555395222061888,0.9199999999999999,10,3,5346,6692,10,159.29979729652405,
35,llm_react,mistral:7b-instruct,what were the release years of the movies acted by [Yancy Butler],Yancy Butler,"The movie ""Drop Zone"" was released in 1994, which is the year Yancy Butler acted in it.",1994,1,0.502687387352134,0.25,0.5476190476190476,1.0,3,2,8,7,3,36.0175507068634,
36,llm_react,mistral:7b-instruct,which films share the same actor of [Man in the Saddle],Man in the Saddle,"To find out which films share the same actor as ""Man in the Saddle"", we need to find a common film between ""Man in the Saddle"" and any of the Westerns listed. However, since I don't have specific actor information associated with each film, I can't directly traverse the knowledge graph to answer this question definitively.","Rage at Dawn|The Last of the Mohicans|High, Wide, and Handsome|Western Union|Decision at Sundown|Susannah of the Mounties|Rebecca of Sunnybrook Farm|The Man Behind the Gun|This Is the Army|Ride Lonesome|Hangman's Knot|Comanche Station|Ride the High Country|Westbound|Follow the Fleet|Christmas Eve|Pittsburgh|Albuquerque|Belle Starr|Bombardier|The Desperadoes|Carson City|Roberta|Hot Saturday|The Spoilers|The Sky's the Limit|Badman's Territory|She|Buchanan Rides Alone|Shoot-Out at Medicine Bend|Seven Men from Now|The Tall T|Virginia City|Santa Fe|Gunfighters|A Lawless Street|Captain Kidd|7th Cavalry|Jesse James|Yankee Doodle Dandy|To the Shores of Tripoli|My Favorite Wife",0,0.9296392893258758,0.834006734006734,0.9936225526037858,1.0,2,2,495,530,2,60.41024994850159,
37,llm_react,mistral:7b-instruct,who wrote the movies directed by [Aleksey Popogrebskiy],Aleksey Popogrebskiy,Boris Khlebnikov,Boris Khlebnikov,1,0.5618123523677766,0.5,0.38333333333333336,1.0,4,3,6,5,4,54.91332817077637,
38,llm_react,mistral:7b-instruct,what were the release dates of [Beverly Adams] acted films,Beverly Adams,"starred_actors) next. However, since I don't have the complete knowledge graph, I can't guarantee that this will provide the answer directly.",1967,0,0.4327034295704625,0.2,0.4277777777777778,1.0,4,2,10,9,4,75.05337285995483,
39,llm_react,mistral:7b-instruct,the director of [The More the Merrier] also directed which movies,The More the Merrier,George Stevens,Penny Serenade|Giant|The Talk of the Town|Woman of the Year|Shane|A Place in the Sun|Swing Time|Annie Oakley|A Damsel in Distress|The Diary of Anne Frank|Quality Street|The Greatest Story Ever Told|Gunga Din|On Our Merry Way|Vivacious Lady|Alice Adams,0,,,,,1,1,4058,4666,1,18.4630229473114,trajectory_too_short
40,llm_react,mistral:7b-instruct,the films written by [Ray Bradbury] were released in which years,Ray Bradbury,"Fahrenheit 451, Something Wicked This Way Comes, It Came from Outer Space, A Sound of Thunder, The Halloween Tree, The Illustrated Man, Moby Dick, and The Wonderful Ice Cream Suit. However, I don't have the specific release years in my current knowledge base. You may need to look up these films individually for accurate information on their release dates.",1993|1969|1998|1966|1956|1953|2005|1983,0,,,,,1,1,67,74,1,27.645019054412842,trajectory_too_short
41,llm_react,mistral:7b-instruct,which person wrote the movies directed by [Zach Cregger],Zach Cregger,"Zach Cregger (as he is also the writer for the movie ""Miss March"" which he directed)",Trevor Moore,0,0.47812105418077694,0.4,0.29,1.0,5,2,5,4,5,53.49977684020996,
42,llm_react,mistral:7b-instruct,the scriptwriter of [Destry Rides Again] also wrote which films,Destry Rides Again,Max Brand,Branded|The Desperadoes,0,,,,,1,1,672,763,1,18.271344900131226,trajectory_too_short
44,llm_react,mistral:7b-instruct,when did the movies written by [Naomi Wolf] release,Naomi Wolf,2008,2008,1,0.6415953517083572,0.4,0.725,1.0,2,2,5,4,2,20.450048208236694,
45,llm_react,mistral:7b-instruct,who appeared in the same movie with [Sofía Vergara],Sofía Vergara,Sofía Vergara,Neil Patrick Harris|Hank Azaria|Eduardo Verástegui|Jayma Mays|Jaci Velasquez,0,0.47596238456750506,0.5714285714285714,0.1544011544011544,1.0,11,2,14,14,10,134.11664605140686,
46,llm_react,mistral:7b-instruct,the movies written by [Sapphire] were directed by who,Sapphire,"Basil Dearden, as Sapphire wrote the movie ""Precious"" which was directed by Basil Dearden.",Lee Daniels,0,,,,,1,1,5258,6362,1,19.51462984085083,trajectory_too_short
47,llm_react,mistral:7b-instruct,the films written by [Jim Harrison] starred which actors,Jim Harrison,"To find out which actors were in ""Legends of the Fall,"" we should traverse the edges related to starred_actors or starred_actors_inv. The entities Julia Ormond, Brad Pitt, Aidan Quinn, and Anthony Hopkins are connected to Legends of the Fall via these edges. However, since Jim Harrison is also connected via written_by_inv, it might be interesting to explore if he also appeared as an actor in this film. But for answering the question directly, we should focus on starred_actors or starred_actors_inv.",Amy Locane|Amy Irving|Anthony Quinn|Aidan Quinn|Dennis Hopper|Brad Pitt|James Spader|Kate Nelligan|Julia Ormond|Kevin Costner|Jack Nicholson|Madeleine Stowe|Michelle Pfeiffer|Anthony Hopkins,1,0.72949529810092,0.7663043478260869,0.6061498855835241,0.8571428571428571,4,3,46,47,4,98.80076813697815,
48,llm_react,mistral:7b-instruct,who acted together with [Elina Löwensohn],Elina Löwensohn,Elina Löwensohn,Marc Barbé|Isabelle Huppert|Peter Fonda|Martin Donovan,1,0.22566428422481383,0.05555555555555554,0.1622222222222222,0.9199999999999999,10,3,18,18,10,115.1156394481659,
49,llm_react,mistral:7b-instruct,the movies written by [Rudolph Lothar] were directed by who,Rudolph Lothar,Walter Lang,Walter Lang,1,0.5307667696013221,0.13333333333333333,0.9023809523809524,1.0,2,2,15,14,2,30.104199409484863,
50,llm_react,mistral:7b-instruct,who is listed as director of [Emory Cohen] acted films,Emory Cohen,"Emory Cohen (since Gita Pullapilly directed ""Beneath the Harvest Sky"" and Emory Cohen acted in it)",Gita Pullapilly|Aron Gaudet|John Crowley,1,0.28196936309941995,0.10714285714285714,0.18386243386243384,1.0,9,3,14,13,9,106.43159794807434,
51,llm_react,mistral:7b-instruct,the screenwriter of [Romeo and Juliet] also wrote which films,Romeo and Juliet,"William Shakespeare wrote several other plays such as The Banquet, Macbeth, As You Like It, Chimes at Midnight, O, The Taming of the Shrew, A Midsummer Night's Dream, Romeo and Juliet (multiple versions), Prospero's Books, Coriolanus, Hamlet, Love's Labour's Lost, Julius Caesar, but he also wrote poems and sonnets. However, for films specifically, the answer to your question is that William Shakespeare also wrote films like Romeo + Juliet, Haider (an adaptation of Hamlet).","Jane Eyre|King Lear|Tea with Mussolini|Julius Caesar|Men of Respect|Private Romeo|Much Ado About Nothing|The Tempest|Romeo + Juliet|The Taming of the Shrew|Coriolanus|A Midsummer Night's Dream|Looking for Richard|Brother Sun, Sister Moon|Otello|Othello|O|Henry V|Richard III|Prospero's Books|The Banquet|The Good Earth|Callas Forever|Macbeth|Hamlet|Knights of the Round Table|The Black Rose|Chimes at Midnight|Haider|King of Texas|As You Like It|Love's Labour's Lost|Tempest",1,0.9715016823641618,0.9473873532752746,0.9790398450470393,1.0,2,2,5560,7041,2,55.34274339675903,
52,llm_react,mistral:7b-instruct,when were the films directed by [Dagur Kári] released,Dagur Kári,"2005, 2011 (Dagur Kári directed Dark Horse in 2011 but also the film ""Dark Horse"" was released in 2005 by Todd Solondz. However, since we are asked for films directed by Dagur Kári, the answer is the release years of his directed films.)",2003|2009|2011|2005,1,0.8208167763777326,0.7,0.8428571428571429,1.0,2,2,20,19,2,42.35260891914368,
53,llm_react,mistral:7b-instruct,the movies starred by [Jeff Grace] were released in which years,Jeff Grace,"The movies starred by Jeff Grace were released in 2009 (specifically, ""The Scenesters"" was released in 2009).",2009,1,0.5684458481096544,0.375,0.5476190476190476,1.0,3,3,8,7,3,45.71075391769409,
54,llm_react,mistral:7b-instruct,who is listed as director of [Libby Woodbridge] starred movies,Libby Woodbridge,Andrew Neel,Andrew Neel,1,0.49327511162607984,0.8,0.145,0.7142857142857143,10,4,5,4,10,130.26725840568542,
55,llm_react,mistral:7b-instruct,the actor [Steve Lawrence] acted together with who,Steve Lawrence,Steve Lawrence,Charles Grodin|Judith Ivey|Steve Martin,0,0.542694042297449,0.15384615384615385,0.8878205128205128,1.0,2,2,13,12,2,26.369999408721924,
56,llm_react,mistral:7b-instruct,who acted together with [Zelda Rubinstein],Zelda Rubinstein,Zelda Rubinstein,Michael Lerner|Heather O'Rourke|Talia Paul,0,0.4868513599852113,0.5909090909090909,0.16060606060606059,1.0,10,2,11,11,10,116.51457929611206,
57,llm_react,mistral:7b-instruct,who acted together with [Donovan Scott],Donovan Scott,Donovan Scott,Mark Miller|Bridgette Andersen,0,0.3643335695826386,0.2857142857142857,0.15952380952380954,1.0,10,2,7,6,10,111.30357813835144,
58,llm_react,mistral:7b-instruct,the screenwriter of [Rosa Luxemburg] also wrote which films,Rosa Luxemburg,"To find out who the screenwriter of ""Rosa Luxemburg"" is, we would first need to find out who wrote ""Imaginary Heroes,"" as they might have also written ""Rosa Luxemburg."" Since ""Imaginary Heroes"" is a drama film, we can assume that the writer worked in the genre of Drama. However, our knowledge graph does not currently contain information about the screenwriter of ""Rosa Luxemburg."" Therefore, I cannot answer the question yet.",Hannah Arendt|Marianne and Juliane|Rosenstrasse,0,0.7666005780551508,0.7220536316775382,0.6661467131586944,1.0,3,3,4543,4838,3,78.55228209495544,
59,llm_react,mistral:7b-instruct,which movies have the same screenwriter of [May],May,Scar,Roman|The Woman|All Cheerleaders Die,0,0.17189676809998702,0.0004761904761904762,0.13607503607503607,0.9642857142857143,11,3,1575,1612,10,118.31745290756226,
60,llm_react,mistral:7b-instruct,which screenwriters co-wrote films with [Gia Coppola],Gia Coppola,James Franco,James Franco,1,0.42465160596340645,0.42857142857142855,0.15952380952380954,1.0,10,3,7,6,10,107.5583233833313,
61,llm_react,mistral:7b-instruct,what types are the movies starred by [Yekaterina Golubeva],Yekaterina Golubeva,Yekaterina Golubeva,Drama,0,0.3503013486319999,0.25,0.16428571428571428,1.0,10,2,8,7,10,150.0169222354889,
62,llm_react,mistral:7b-instruct,what were the release dates of [Ben Hollingsworth] acted films,Ben Hollingsworth,2009,2009,1,0.39516538823002545,0.5,0.15555555555555556,0.6904761904761904,11,5,10,9,10,191.5890896320343,
63,llm_react,mistral:7b-instruct,the actor of [Black Swan] also starred in which films,Black Swan,"Vincent Cassel, Natalie Portman","Closer|Adrift|Trance|A Dangerous Method|Moving McAllister|The Monk|The Apartment|Sheitan|Lascars|New York, I Love You|The Angriest Man in Brooklyn|Beauty and the Beast|Where the Heart Is|Birthday Girl|Blood Ties|Forgetting Sarah Marshall|No Strings Attached|V for Vendetta|Boot Camp|Brotherhood of the Wolf|Read My Lips|Free Zone|Derailed|The Book of Eli|Max Payne|Your Highness|Oz the Great and Powerful|The Other Woman|Thor|Third Person|Brothers|Hotel Chevalier|Dobermann|Jupiter Ascending|Ted|Our Day Will Come|Friends with Benefits|Goya's Ghosts|Extract|Mr. Magorium's Wonder Emporium",0,,,,,1,1,2060,2579,1,21.511818885803223,trajectory_too_short
64,llm_react,mistral:7b-instruct,when were the movies starred by [Robert Walker] released,Robert Walker,Strangers on a Train (released in 1951) is a movie starred by Robert Walker.,1945|1951|1944|1952,1,,,,,1,1,46,51,1,16.52796483039856,trajectory_too_short
65,llm_react,mistral:7b-instruct,when did the movies written by [Rowland Barber] release,Rowland Barber,"The Night They Raided Minsky's (1968) was the movie written by Rowland Barber, so it can be inferred that this is when the movie released. However, to confirm the exact release date, further research would be needed as the knowledge graph does not provide that information directly.",1968,1,,,,,1,1,6,5,1,15.9939546585083,trajectory_too_short
66,llm_react,mistral:7b-instruct,what are the primary languages in the movies acted by [Jackie Earle Haley],Jackie Earle Haley,"To find out the primary languages in the movies acted by Jackie Earle Haley, we would need to determine the countries where these movies were produced and then look up the official languages of those countries. However, this information is not directly available from the given knowledge graph edges. Therefore, I cannot answer the question with the provided data alone.",English,0,,,,,1,1,103,110,1,32.87836289405823,trajectory_too_short
67,llm_react,mistral:7b-instruct,who is listed as screenwriter of [Robert John Burke] acted films,Robert John Burke,Stephen King,Stephen King|Boaz Yakin|Michael McDowell|Tom Holland|Hal Hartley|Fred Dekker|Todd Haynes|Frank Miller,1,0.6885408600351417,0.744390193251152,0.4495565410199557,1.0,4,3,41,40,4,77.6577799320221,
68,llm_react,mistral:7b-instruct,what are the genres of the movies acted by [Ethel Merman],Ethel Merman,Musical,Drama|Comedy|Musical,1,0.8334167395529724,0.6888888888888889,0.8939393939393939,1.0,2,2,30,34,2,29.436118841171265,
69,llm_react,mistral:7b-instruct,who are the writers of the films starred by [Kyle Clare],Kyle Clare,David Oliveras,David Oliveras,1,0.45943778831629145,0.6,0.1318181818181818,0.9285714285714286,11,3,5,4,10,99.70898914337158,
70,llm_react,mistral:7b-instruct,what genres are the films written by [Michael Zaidan] in,Michael Zaidan,"Extreme Ops (since it is a film released in 2002, which was written by Michael Zaidan as per the given information)",Action|Thriller,0,0.5258665562484781,0.2727272727272727,0.5787878787878787,1.0,3,3,11,10,3,52.19044351577759,
71,llm_react,mistral:7b-instruct,the movies written by [Georg Maas] starred who,Georg Maas,Liv Ullmann,Liv Ullmann,1,0.5886179946601142,0.25,0.8214285714285714,1.0,2,2,8,7,2,22.069907188415527,
72,llm_react,mistral:7b-instruct,who acted in the movies directed by [Robert Aldrich],Robert Aldrich,"This information can be found by exploring further connections related to the ""directed_by"" edge.",Cesar Romero|Jeff Chandler|Richard Jaeckel|Joan Crawford|Ian Bannen|Frank Sinatra|Ida Lupino|Gary Cooper|Burt Lancaster|Dean Martin|Ben Johnson|Jim Brown|Bruce Davison|Catherine Deneuve|Harry Andrews|Peter Falk|Dorothy Malone|Burt Reynolds|Michael Caine|Kirk Douglas|Kim Novak|Hardy Krüger|Bette Davis|Anita Ekberg|Ernest Borgnine|Gene Wilder|Joseph Cotten|Lee Marvin|Cliff Robertson|Eddie Albert|Martine Carol|Rock Hudson|Jean Hagen|Charles Bronson|Robert Strauss|Paul Winfield|Peter Finch|Ralph Meeker|Vicki Frederick|Harrison Ford|Ursula Andress|Wendell Corey|Denise Darcel|James Stewart|Jack Palance|Laurene Landon|Richard Attenborough,0,,,,,1,1,128,164,1,30.568938970565796,trajectory_too_short
73,llm_react,mistral:7b-instruct,who is listed as screenwriter of [Scott Baio] acted films,Scott Baio,"To find out who the screenwriter is for films Scott Baio has acted in, we would need additional information about the movies themselves. However, since we don't have any edges related to screenwriters for the movies listed (Bugsy Malone and Zapped!), I cannot provide an answer at this time.",Alan Parker,0,0.6627714656299295,0.6,0.5277777777777778,1.0,3,2,10,9,3,60.48572134971619,
74,llm_react,mistral:7b-instruct,who is listed as director of [Ruthanna Hopper] starred movies,Ruthanna Hopper,"The question asks for the director of movies starred by Ruthanna Hopper. In the current knowledge graph, we can see that Ruthanna Hopper is an actor in Americano (entity 11), but there's no information about who directed this movie directly related to Ruthanna Hopper. Therefore, I cannot answer the question with the given data.",Mathieu Demy|Kevin Noland,0,0.39866028342508447,0.3076923076923077,0.2219551282051282,0.9574468085106382,8,4,13,12,8,169.02996253967285,
75,llm_react,mistral:7b-instruct,who co-wrote films with [Chrysanthy Balis],Chrysanthy Balis,Chrysanthy Balis,Robert Bloch|Patrick McGrath|Patrick Marber,0,0.40937400297470905,0.14285714285714285,0.4648809523809524,1.0,4,3,21,20,4,75.62735867500305,
76,llm_react,mistral:7b-instruct,what were the release years of the movies directed by [Sticky Fingaz],Sticky Fingaz,"The release year for the movie ""A Day in the Life,"" directed by Sticky Fingaz, is 2005.",2009,0,0.47812105418077694,0.4,0.29,1.0,5,2,5,4,5,56.62328124046326,
77,llm_react,mistral:7b-instruct,who are co-stars of [Lane Garrison],Lane Garrison,"Lane Garrison is a co-star of Peyman Moaadi and Joseph Julian Soria, as they are all starred_actors in Camp X-Ray.",Peyman Moaadi|Joseph Julian Soria,1,0.5886179946601142,0.25,0.8214285714285714,1.0,2,2,8,7,2,27.156378269195557,
78,llm_react,mistral:7b-instruct,which person wrote the movies directed by [Marita Giovanni],Marita Giovanni,Lauran Hoffman,Lauran Hoffman,1,0.5886179946601142,0.25,0.8214285714285714,1.0,2,2,8,7,2,22.263490915298462,
79,llm_react,mistral:7b-instruct,which person directed the movies starred by [Jason Day],Jason Day,Alexis Lloyd,Alexis Lloyd,1,0.6199961933867971,0.3333333333333333,0.7666666666666667,1.0,2,2,6,5,2,21.097211122512817,
80,llm_react,mistral:7b-instruct,the actor of [The People Under the Stairs] also starred in which movies,The People Under the Stairs,"The actor Everett McGill, known for The People Under the Stairs and Silver Bullet, has also starred in Silver Bullet.",Were the World Mine|Silver Bullet|Heartbreak Ridge,1,0.18724953404115058,0.0007147962830593279,0.16628544198236836,1.0,10,3,1399,1438,10,120.1289930343628,
81,llm_react,mistral:7b-instruct,who acted in the films written by [Duncan North],Duncan North,Donal Logue,Donal Logue,1,0.418837943502665,0.2727272727272727,0.28939393939393937,1.0,6,3,11,10,6,77.7170033454895,
82,llm_react,mistral:7b-instruct,when were the films acted by [Jude Law] released,Jude Law,2010,1949|1994|1999|1998|1966|1972|2003|2001|2006|2007|2004|2009|2010|2013|2012,1,0.5240183014575513,0.5170770799771146,0.40740025740025737,0.7249575551782683,6,4,185,252,6,144.58988428115845,
83,llm_react,mistral:7b-instruct,the actor in [Donovan's Echo] also appears in which movies,Donovan's Echo,"Some movies that Bruce Greenwood also appears in, besides Donovan's Echo, are Swept Away, Endless Love, Eight Below, Below, Mao's Last Dancer, Firehouse Dog, Hollywood Homicide, And Now a Word from Our Sponsor.",Eight Below|Gone Fishin'|Endless Love|Mao's Last Dancer|Be Kind Rewind|Alpha and Omega|Lethal Weapon|Silverado|Flight of the Intruder|Swept Away|The Saint of Fort Washington|Firehouse Dog|Bopha!|Night Train|Below|Predator 2|Pure Luck|The Color Purple|Dreamgirls|Operation Dumbo Drop|Angels in the Outfield|Poor Boy's Game|Age of the Dragons|Barnyard|Bat*21|Lethal Weapon 4|Lethal Weapon 3|Lethal Weapon 2|Saw|And Now a Word from Our Sponsor|Hollywood Homicide,1,0.39596998345947043,0.0009124087591240876,0.9395782643957826,1.0,2,2,548,549,2,35.805153131484985,
84,llm_react,mistral:7b-instruct,the films directed by [Gordon Hessler] starred which actors,Gordon Hessler,Vincent Price,Rupert Frazer|Elspet Gray|Vincent Price|Christopher Lee|Nicholas Le Prevost|Meg Tilly,1,0.5323914825561414,0.8026315789473684,0.1467304625199362,0.9004024144869216,11,4,19,21,10,157.53592324256897,
86,llm_react,mistral:7b-instruct,what types are the movies starred by [Kent Smith],Kent Smith,Kent Smith,Drama|Horror,0,0.2152316461579304,0.03225806451612903,0.1648093841642229,1.0,11,2,31,30,10,135.67364263534546,
87,llm_react,mistral:7b-instruct,the director of [Railroaded!] is also the director of which films,Railroaded!,"Railroaded! is also directed by Anthony Mann, who is also the director of The Last Frontier.",El Cid|The Great Flamarion|He Walked by Night|Bend of the River|The Fall of the Roman Empire|The Tin Star|The Furies|The Glenn Miller Story|Strategic Air Command|Cimarron|The Last Frontier|Devil's Doorway|T-Men|Raw Deal|Border Incident|Men in War|Side Street|The Far Country|God's Little Acre|Winchester '73|Thunder Bay|The Man from Laramie|The Heroes of Telemark|Desperate|Man of the West|The Naked Spur,1,0.6730976415528526,0.6746666666666666,0.47757142857142854,1.0,4,3,125,126,4,63.61667609214783,
88,llm_react,mistral:7b-instruct,what are the genres of the films written by [Meggie McFadden],Meggie McFadden,Mystery Team (1),Mystery|Comedy,1,0.48054770006565156,0.2,0.5703703703703704,1.0,3,2,10,9,3,33.3449273109436,
89,llm_react,mistral:7b-instruct,the actor in [The Price of Milk] also appears in which films,The Price of Milk,"Karl Urban, Danielle Cormack (as they both starred in The Price of Milk and can potentially appear in other films as well)",Pathfinder|Out of the Blue|Dredd|Separation City|Star Trek Into Darkness|Siam Sunset|And Soon the Darkness,0,,,,,1,1,352,351,1,16.43391752243042,trajectory_too_short
90,llm_react,mistral:7b-instruct,who wrote movies together with [Nicholas Thomas],Nicholas Thomas,Nicholas Thomas,Luke Greenfield,0,0.3387738639547612,0.2222222222222222,0.16805555555555557,1.0,10,2,9,8,10,121.5280089378357,
91,llm_react,mistral:7b-instruct,what are the movies that are directed by the same director of [Marnie],Marnie,"Marnie is also directed by Alfred Hitchcock, as we have already visited this connection. However, for a different set of movies directed by him, I would suggest visiting the number 12 (Rear Window).",Vertigo|The Pleasure Garden|Number 17|Murder!|Easy Virtue|Family Plot|Foreign Correspondent|Spellbound|Champagne|Sabotage|Strangers on a Train|Blackmail|To Catch a Thief|The Man Who Knew Too Much|North by Northwest|Frenzy|The Wrong Man|Rebecca|I Confess|Dial M for Murder|Secret Agent|The Skin Game|Lifeboat|The Birds|Elstree Calling|Rope|Topaz|Saboteur|Stage Fright|The Trouble with Harry|Notorious|The Manxman|Jamaica Inn|Shadow of a Doubt|The Farmer's Wife|Under Capricorn|The Paradine Case|Rear Window|The 39 Steps|The Lodger|The Lady Vanishes|Torn Curtain|Suspicion|Psycho,1,0.2084205106532085,0.0005446623093681917,0.24594408133623819,0.9444444444444444,8,5,1530,1731,8,165.48810338974,
92,llm_react,mistral:7b-instruct,the director of [The Big Fix] is also the director of which films,The Big Fix,"The Chosen, The Sting II]. So, the next entity to visit would be 2 (The Chosen).",The Sting II|Scott Joplin|The Chosen,1,0.2699260508084516,0.0028089887640449437,0.430126404494382,1.0,4,2,178,180,4,60.42513990402222,
93,llm_react,mistral:7b-instruct,the screenwriter [Fred F. Finklehoffe] co-wrote films with who,Fred F. Finklehoffe,Sid Silvers,Betty MacDonald|Richard Sherman|Irving Brecher|Chester Erskine|Sid Silvers|Howard Emmett Rogers|Sally Benson,1,0.5367910367347368,0.6969696969696969,0.18055555555555552,1.0,10,3,33,33,10,143.54811429977417,
94,llm_react,mistral:7b-instruct,the movies starred by [Alva Rogers] were released in which years,Alva Rogers,"The movie ""Daughters of the Dust"" was released in 1991, as it is the only film known to have been starred by Alva Rogers.",1991,1,0.4540579090533747,0.3,0.34222222222222226,1.0,5,3,10,9,5,93.13405394554138,
95,llm_react,mistral:7b-instruct,when did the movies written by [Aaron Seltzer] release,Aaron Seltzer,2007,1996|2006|2007|2008|2010|2013,1,0.7169520081016134,0.846153846153846,0.49935897435897436,0.8571428571428572,4,3,39,51,4,74.5928966999054,
96,llm_react,mistral:7b-instruct,what are the genres of the films written by [Matthias Glasner],Matthias Glasner,"Matthias Glasner (as he is both the director and writer of The Free Will, it can be inferred that the films written by him would likely fall under the same genres as The Free Will)",Drama,0,0.5618123523677766,0.5,0.38333333333333336,1.0,4,3,6,5,4,49.76793026924133,
97,llm_react,mistral:7b-instruct,what are the genres of the films starred by [Ayushmann Khurrana],Ayushmann Khurrana,Comedy,Comedy,1,0.503470454572107,0.42857142857142855,0.3190476190476191,1.0,5,3,7,6,5,54.9809730052948,
98,llm_react,mistral:7b-instruct,who acted in the films written by [Wilson Rawls],Wilson Rawls,"James Whitmore, Beverly Garland, Jack Ging",Joseph Ashton|James Whitmore|Beverly Garland|Jack Ging|Dave Matthews,1,0.542694042297449,0.15384615384615385,0.8878205128205128,1.0,2,2,13,12,2,29.599793672561646,
99,llm_react,mistral:7b-instruct,the films directed by [Ava DuVernay] were released in which years,Ava DuVernay,The films directed by Ava DuVernay were released in 2011 (Middle of Nowhere) and 2014 (Selma).,2014|2008|2012,1,0.589097281228996,0.59375,0.3795833333333334,0.9500000000000001,5,3,16,16,5,70.64998269081116,
100,llm_react,mistral:7b-instruct,what genres do the movies acted by [Audrey Tautou] fall under,Audrey Tautou,"8 (Amélie) as it is a widely recognized movie starring Audrey Tautou and is often associated with her. However, the answer might also be found in other movies she has acted in. So, after visiting this entity, continue traversing the graph to gather more information.",Mystery|Fantasy|Comedy|Thriller,0,,,,,1,1,80,109,1,24.381212949752808,trajectory_too_short
101,llm_react,mistral:7b-instruct,the films acted by [Elli Medeiros] were directed by who,Elli Medeiros,"To find out who directed the films acted by Elli Medeiros, we need to follow the ""starred_actors_inv"" edge from ""Lion's Den"" to ""Elli Medeiros"". However, since there is no information directly linked about the director for this specific film, we cannot determine the answer with certainty based on the provided knowledge graph.",Pablo Trapero,1,0.433230758605054,0.5,0.19166666666666668,0.7894736842105262,8,3,6,5,8,102.6531388759613,
102,llm_react,mistral:7b-instruct,the director of [Beyond the Valley of the Dolls] also directed which films,Beyond the Valley of the Dolls,"Mudhoney, Vixen!, Beyond the Valley of the Dolls, Beneath the Valley of the Ultra-Vixens, Lorna, Up!, Supervixens, Wild Gals of the Naked West, Faster, Pussycat! Kill! Kill! are all films directed by Russ Meyer. However, Beyond the Valley of the Dolls is the film you asked about specifically. So, if we were to continue traversing the knowledge graph for more films directed by Russ Meyer, we would visit entities 1-7 and 9.","Lorna|Beneath the Valley of the Ultra-Vixens|Vixen!|Supervixens|Up!|Wild Gals of the Naked West|Mudhoney|Faster, Pussycat! Kill! Kill!",1,0.3908661888229239,0.004089979550102249,0.9171779141104295,1.0,2,2,163,164,2,45.54643249511719,
103,llm_react,mistral:7b-instruct,when were the movies starred by [Jack Haley] released,Jack Haley,"To find the release year of a movie starring Jack Haley, we need to traverse the edge ""starred_actors"" from ""One Body Too Many"" to ""Jack Haley"". However, since we have already visited ""Jack Haley"", we don't have any new information to help answer the question. Therefore, let's visit another movie starring Jack Haley that we haven't explored yet.",1936|1944,0,0.5519294293589189,0.7011494252873562,0.28911637931034484,0.7729044834307993,8,3,29,29,8,148.97550296783447,
104,llm_react,mistral:7b-instruct,the screenwriter [Richard Gordon] co-wrote movies with who,Richard Gordon,Richard Gordon,Nicholas Phipps|Jack Davies,0,0.32081407131906114,0.18181818181818182,0.17363636363636364,1.0,10,2,11,10,10,120.1571478843689,
105,llm_react,mistral:7b-instruct,the screenwriter [Efthymis Filippou] co-wrote movies with who,Efthymis Filippou,Efthymis Filippou,Yorgos Lanthimos,0,0.3503013486319999,0.25,0.16428571428571428,1.0,10,2,8,7,10,123.95894002914429,
106,llm_react,mistral:7b-instruct,who is listed as director of [Xan Hopcraft] written movies,Xan Hopcraft,Carroll Ballard,Carroll Ballard,1,0.5664403261490971,0.2,0.8555555555555556,1.0,2,2,10,9,2,23.682230710983276,
108,llm_react,mistral:7b-instruct,what are the genres of the films starred by [T. Roy Barnes],T. Roy Barnes,Comedy,Comedy,1,0.4427907419735483,0.2222222222222222,0.4201388888888889,1.0,4,2,9,8,4,49.72774004936218,
109,llm_react,mistral:7b-instruct,what were the release dates of [Zoë Bell] starred movies,Zoë Bell,"The release date of the movie ""Raze"" starring Zoë Bell is 2013.",1978|2007|2013|2010,1,0.3108760150001577,0.01744186046511628,0.5297157622739018,1.0,3,3,43,53,3,36.69167351722717,
110,llm_react,mistral:7b-instruct,the scriptwriter of [Half Nelson] also wrote which films,Half Nelson,Ryan Fleck,It's Kind of a Funny Story|Mississippi Grind|Sugar,0,,,,,1,1,4799,5349,1,17.362048387527466,trajectory_too_short
111,llm_react,mistral:7b-instruct,who directed the films written by [Duncan Rouleau],Duncan Rouleau,Chris Williams,Chris Williams|Don Hall,1,0.549677251052728,0.16666666666666666,0.8787878787878788,1.0,2,2,12,11,2,25.39012312889099,
112,llm_react,mistral:7b-instruct,what were the release dates of [Emma Bell] acted films,Emma Bell,has_cast) to find Emma Bell's role and then use that information to search for her other films.,2011|2007|2013|2010,0,0.5062340191148167,0.5172874519109657,0.2718389681453977,0.9318181818181819,7,5,43,43,7,175.42180752754211,
114,llm_react,mistral:7b-instruct,when were the movies starred by [Kip Pardue] released,Kip Pardue,2003,2002|2003,1,0.5676537016759933,0.7055371052161061,0.25540123456790126,0.925925925925926,8,5,27,27,8,174.5872302055359,
115,llm_react,mistral:7b-instruct,when did the movies directed by [Michael Tiddes] release,Michael Tiddes,1,2014|2013,0,0.46204902708446866,0.07692307692307693,0.8296703296703296,1.0,2,2,13,16,2,23.045066356658936,
116,llm_react,mistral:7b-instruct,who are the directors of the films starred by [Rudolf Lucieer],Rudolf Lucieer,Alex van Warmerdam,Alex van Warmerdam,1,0.3371825755599358,0.25,0.1393939393939394,1.0,11,3,6,6,10,111.27998399734497,
117,llm_react,mistral:7b-instruct,the movies directed by [Katherine Dieckmann] starred who,Katherine Dieckmann,Uma Thurman,Ken Marino|Uma Thurman,1,0.5326485645666271,0.6666666666666666,0.19166666666666668,1.0,8,3,9,8,8,86.25879836082458,
118,llm_react,mistral:7b-instruct,who co-starred with [Joan Greenwood],Joan Greenwood,"Derek Jacobi, Max Wall",Valerie Hobson|Cecil Parker|Dennis Price|Alec Guinness|Derek Jacobi|Max Wall,1,0.5216070208804333,0.7011494252873562,0.17758620689655175,0.9199999999999999,10,3,29,33,10,135.13834953308105,
119,llm_react,mistral:7b-instruct,what were the release years of the movies directed by [Michel Leclerc],Michel Leclerc,1,2010,0,0.5371295918232165,0.42857142857142855,0.39880952380952384,1.0,4,3,7,6,4,51.97166895866394,
120,llm_react,mistral:7b-instruct,the films acted by [Victor Parascos] were in which genres,Victor Parascos,"The best next entity to visit to answer the question is 6, Jean Marais. After visiting this entity, we can traverse the edge 'starred_actors_inv' to find Victor Parascos and then check his films to find their genres.",Fantasy|Animation,0,0.2874415036300098,0.14285714285714285,0.19291521486643437,0.8554216867469879,10,6,42,41,10,265.86266684532166,
121,llm_react,mistral:7b-instruct,who are the writers of the films starred by [Masaru Miyazaki],Masaru Miyazaki,"To find out who the writers of the films starred by Masaru Miyazaki are, we need to find the entities connected to Masaru Miyazaki via the ""directed_by_inv"" edge (indicating that the person directed a film starring Masaru Miyazaki). However, there is no such edge in the given data. Therefore, I cannot answer the question with the provided information.",Shinji Aoyama,0,0.378672933146517,0.3076923076923077,0.17756410256410254,0.9682539682539681,10,4,13,12,10,207.86307168006897,
122,llm_react,mistral:7b-instruct,what are the genres of the movies acted by [Helen Hunt],Helen Hunt,Soul Surfer (1),Crime|Drama|Thriller|Action|Comedy|Biography,0,0.7238979369905468,0.8759316478741719,0.48683195592286505,0.8630434782608695,5,4,110,129,5,121.03859329223633,
123,llm_react,mistral:7b-instruct,the movies starred by [Olivia Hussey] were in which genres,Olivia Hussey,"Drama, Romance",Drama|Romance|Horror,1,0.4246228985801688,0.024390243902439025,0.9390243902439024,1.0,2,2,41,42,2,30.255408763885498,
124,llm_react,mistral:7b-instruct,the films acted by [Robert Wagner] were directed by who,Robert Wagner,Lawrence Roman,Kjell Sundvall|Dick Powell|James Dearden|Michael Schroeder|Nicholas Ray|Blake Edwards|Lewis Milestone|Michael Anderson|David Greene|Richard Fleischer|Gerd Oswald|Ken Annakin|Edward Dmytryk,1,0.4962479780302883,0.5910153733964556,0.24471243042671614,0.8013769363166954,10,6,98,106,10,216.8159897327423,
125,llm_react,mistral:7b-instruct,who are the directors of the movies acted by [Guy Mitchell],Guy Mitchell,George Marshall,George Marshall,1,0.4055289933502906,0.375,0.16428571428571428,1.0,10,3,8,7,10,110.4887866973877,
126,llm_react,mistral:7b-instruct,who are the directors of the movies acted by [Ed Wynn],Ed Wynn,Norman Z. McLeod,Jack Donohue|Gus Meins|Tim Burton|Norman Z. McLeod,1,0.5395869427115515,0.6855345911949685,0.19203865623561894,1.0,10,3,53,53,10,161.07713985443115,
127,llm_react,mistral:7b-instruct,which films share the same director of [Four Nights of a Dreamer],Four Nights of a Dreamer,"Four Nights of a Dreamer, Mouchette, A Man Escaped, Pickpocket, A Gentle Woman, Diary of a Country Priest share the same director as Four Nights of a Dreamer (Robert Bresson).",A Man Escaped|Au Hasard Balthazar|The Trial of Joan of Arc|Mouchette|A Gentle Woman|Diary of a Country Priest|Pickpocket,1,0.39537384196907166,2.7662517289073298e-05,0.9369553941908714,1.0,2,2,4820,5292,2,33.608075857162476,
128,llm_react,mistral:7b-instruct,which screenwriters co-wrote films with [Jordan Belfort],Jordan Belfort,Terence Winter,Terence Winter,1,0.3050196485001946,0.15789473684210525,0.16772993088782562,1.0,11,3,19,18,10,152.82943964004517,
129,llm_react,mistral:7b-instruct,the films directed by [Raoul Walsh] were in which languages,Raoul Walsh,"To determine the languages in which the films directed by Raoul Walsh were produced, we would need additional information about the language of each film. However, since this data is not provided, I cannot definitively answer the question without further context or access to a comprehensive database that includes such information for each film.",French,0,,,,,1,1,153,220,1,34.66963171958923,trajectory_too_short
130,llm_react,mistral:7b-instruct,who are the actors in the films directed by [Fabián Bielinsky],Fabián Bielinsky,"Ricardo Darín, Gastón Pauls, Leticia Brédice",Ricardo Darín|Leticia Brédice|Gastón Pauls,1,0.549677251052728,0.16666666666666666,0.8787878787878788,1.0,2,2,12,11,2,27.991141319274902,
131,llm_react,mistral:7b-instruct,what are the main languages in [William Davies] written films,William Davies,"To find out the main languages in William Davies' written films, we would need to traverse the knowledge graph to find details about the language of each film. However, the information about the languages of these films is not explicitly stated in the given edges. Therefore, I cannot provide a definitive answer at this time.",English,0,,,,,1,1,46,48,1,24.80936050415039,trajectory_too_short
132,llm_react,mistral:7b-instruct,which person directed the movies written by [Stephanie Soechtig],Stephanie Soechtig,Jason Lindsey,Jason Lindsey,1,0.3013922591700799,0.15,0.16944444444444443,1.0,9,3,10,10,9,90.11256146430969,
133,llm_react,mistral:7b-instruct,what were the release years of the movies acted by [Trond Espen Seim],Trond Espen Seim,2004,2004,1,0.3387738639547612,0.2222222222222222,0.16805555555555557,1.0,10,2,9,8,10,185.69463396072388,
134,llm_react,mistral:7b-instruct,who are the directors of the movies written by [Margaret Drabble],Margaret Drabble,karel reisz,Karel Reisz,1,0.4063122194873425,0.4166666666666667,0.17575757575757575,0.8648648648648647,10,5,12,11,10,154.38807034492493,
135,llm_react,mistral:7b-instruct,what were the release dates of [Mathieu Amalric] directed movies,Mathieu Amalric,"To find the release date of a movie, we would need to traverse the ""is_part_of"" or ""released_on"" edge. However, in this case, ""bond"" refers to the character James Bond from the Quantum of Solace movie, not the movie itself. Therefore, we don't have enough information yet to answer the question about release dates of Mathieu Amalric directed movies.",2014|2010,0,0.7544013145831197,0.754951467374853,0.5995670995670995,1.0,3,3,49,57,3,91.50559091567993,
136,llm_react,mistral:7b-instruct,the actor [Alex Frost] starred together with who,Alex Frost,Alex Frost,J.K. Simmons|John Robinson|Adam Scott|Brittany Snow|Eric Deulen,1,0.2493680319765604,0.075,0.1595959595959596,1.0,11,3,20,20,10,132.02044296264648,
137,llm_react,mistral:7b-instruct,the movies written by [Mack Crane] starred who,Mack Crane,"12 (Mack Crane) is the best next entity to visit as it has a direct edge connecting Mack Crane and Bombshell through the ""written_by"" relationship. After visiting Mack Crane, we can traverse back to find the actors who starred in his movies to answer the question.",Frank Morgan|Jean Harlow|Lee Tracy|Franchot Tone,0,0.5307667696013221,0.13333333333333333,0.9023809523809524,1.0,2,2,15,14,2,35.971184730529785,
138,llm_react,mistral:7b-instruct,what genres do the films written by [Edward Lewis Wallant] fall under,Edward Lewis Wallant,Drama,Drama,1,0.44087333890802877,0.2,0.4511904761904762,1.0,4,3,15,14,4,71.64115738868713,
139,llm_react,mistral:7b-instruct,which movies have the same screenwriter of [The Dark Angel],The Dark Angel,"Lillian Hellman, Guy Bolton, Mordaunt Shairp",Anything Goes|Angel|Toys in the Attic|Julia|Girl Crazy|Anastasia|The Love Parade|The Children's Hour|The Little Foxes|These Three|Watch on the Rhine|Week-End at the Waldorf|The North Star,0,,,,,1,1,155,165,1,16.92922306060791,trajectory_too_short
140,llm_react,mistral:7b-instruct,who wrote movies together with [Robert Russell],Robert Russell,Lewis R. Foster,Richard Flournoy|Frank Ross|Lewis R. Foster,1,0.4001259878286855,0.23076923076923078,0.29594017094017094,1.0,6,3,13,12,6,83.8395881652832,
141,llm_react,mistral:7b-instruct,who co-starred with [Bruce Jones],Bruce Jones,"The best next entity to visit to answer the question is 5, Bruce Jones.",Julie Brown|Ricky Tomlinson|Gemma Phoenix,1,0.4598098667631069,0.375,0.2738095238095238,1.0,6,3,8,7,6,90.42387437820435,
142,llm_react,mistral:7b-instruct,the director of [The Wasp Woman] also directed which movies,The Wasp Woman,"The Wasp Woman, The Big Bird Cage, Switchblade Sisters, Sorceress, Coffy are also directed by Jack Hill.",It Conquered the World|The Masque of the Red Death|The Big Bird Cage|The Tomb of Ligeia|The Trip|Creature from the Haunted Sea|Machine-Gun Kelly|Attack of the Crab Monsters|Coffy|The Intruder|Sorceress|The St. Valentine's Day Massacre|Foxy Brown|A Time for Killing|The Wild Angels|She Gods of Shark Reef|House of Usher|Swamp Women|The Terror|Switchblade Sisters|The Haunted Palace|A Bucket of Blood|The Undead|Battle Beyond the Stars|Von Richthofen and Brown|Deathsport|The Little Shop of Horrors|Tales of Terror|The Beast with a Million Eyes|The Raven|Bloody Mama,1,0.39026917184544474,0.004357298474945533,0.9145658263305322,1.0,2,2,153,153,2,28.192678928375244,
143,llm_react,mistral:7b-instruct,which person directed the films written by [Damon Beesley],Damon Beesley,Iain Morris,Iain Morris|Ben Palmer,1,0.6224753679304316,0.59375,0.43465909090909094,1.0,4,3,16,21,4,53.15329837799072,
144,llm_react,mistral:7b-instruct,the actor of [Eye of the Beholder] also starred in which movies,Eye of the Beholder,"The given movie ""Eye of the Beholder"" is not directly related to the genre ""Thriller"". To find out which movies the actor of ""Eye of the Beholder"" also starred in, we would need to traverse the graph from the movie itself (not its genre). However, since I don't have that specific information about the actor and their roles in ""Eye of the Beholder"", I cannot provide a definitive answer at this time.",Double Jeopardy|The Impossible|Black Hawk Down|Deception|Moulin Rouge!|Dolphin Tale|Twisted|Son of a Gun|Blue Juice|Mortdecai|Kiss the Girls|Divergent|Down with Love|Jackboots on Whitehall|Miss Potter|Big Fish|Stay|Jack the Giant Slayer|Helen|Amelia|The Island|Bug|The Passion of Darkly Noon|Brassed Off|Where the Heart Is|Tooth Fairy|Incendiary|Normal Life|I Love You Phillip Morris|Trainspotting|Rogue Trader|Dolphin Tale 2|Nightwatch|The Ghost Writer|High Crimes|The Locusts|The Men Who Stare at Goats|Come Early Morning|Ruby in Paradise|Simon Birch|Shallow Grave|Perfect Sense|Flypaper|Last Days in the Desert,0,0.5251808078913041,0.5153414674050355,0.4042505354021907,0.7396825396825397,10,7,1276,1310,10,279.98641538619995,
145,llm_react,mistral:7b-instruct,who are the directors of the films starred by [Kristin Booth],Kristin Booth,William Phillips,William Phillips|Thom Fitzgerald,1,0.2697535152658129,0.1,0.16666666666666669,1.0,10,3,15,14,10,117.81955885887146,
146,llm_react,mistral:7b-instruct,the actor [Guinevere Turner] appeared in the same movie with who,Guinevere Turner,Guinevere Turner,Christien Anholt|Tom Bell,1,0.5520613089754491,0.7333333333333333,0.2138095238095238,0.9111111111111112,10,4,20,19,10,134.42434239387512,
147,llm_react,mistral:7b-instruct,what genres do the films starred by [Judith Ivey] fall under,Judith Ivey,Comedy,Fantasy|Comedy,1,0.41078090512654153,0.02469135802469135,0.8786008230452675,1.0,2,2,27,30,2,34.447388648986816,
148,llm_react,mistral:7b-instruct,who acted in the films directed by [Robert Lieberman],Robert Lieberman,"Robert Patrick, Peter Berg, Craig Sheffer",Craig Sheffer|Camilla Belle|Vinay Virmani|Rob Lowe|Russell Peters|Robert Patrick|Peter Berg,1,0.6159622322950293,0.7549436641704765,0.28632478632478636,1.0,6,3,26,25,6,77.44568347930908,
149,llm_react,mistral:7b-instruct,who acted in the films written by [Rudyard Kipling],Rudyard Kipling,Sabu,Bruce Reitherman|Saeed Jaffrey|Sean Connery|Sabu|Victor McLaglen|Sebastian Cabot|Phil Harris|Sam Jaffe|Christopher Plummer|Cary Grant|Michael Caine|Shirley Temple|George Sanders,1,0.5456228185462307,0.7543313488327457,0.16287878787878787,1.0,11,3,64,77,10,134.19316458702087,
150,llm_react,mistral:7b-instruct,the screenwriter of [Jeremiah Johnson] also wrote which movies,Jeremiah Johnson,"Robert Bunker has also written movies such as ""The Wild Geese"", ""The Mackintosh Man"", and ""The Dirty Dozen"".",The Life and Times of Judge Roy Bean|Extreme Prejudice|The Young Savages|Apocalypse Now|Hour of the Gun|Rough Riders|The Sniper|The Holcroft Covenant|Dillinger|Red Dawn|The Wind and the Lion|Farewell to the King|Magnum Force|The Pride and the Passion|Becket|Conan the Barbarian|Big Wednesday,0,0.1711838382904346,0.0006932409012131714,0.125,1.0,8,2,577,646,8,140.29669332504272,
151,llm_react,mistral:7b-instruct,what are the movies that have the same actor of [Island of Lost Souls],Island of Lost Souls,"Several movies that have Bela Lugosi as an actor include One Body Too Many, Mark of the Vampire, Frankenstein Meets the Wolf Man, Chandu the Magician, The Death Kiss, Son of Frankenstein, Glen or Glenda, The Devil Bat, Dracula, The Raven, Invisible Ghost, Island of Lost Souls, The Body Snatcher, Bowery at Midnight, The Return of the Vampire.",Rembrandt|Sidewalks of London|Glen or Glenda|Les Misérables|The Big Clock|Spartacus|Mark of the Vampire|Bowery at Midnight|The Body Snatcher|Arch of Triumph|Young Bess|The Sign of the Cross|Witness for the Prosecution|The Black Cat|Captain Kidd|Jamaica Inn|The Strange Door|The Hunchback of Notre Dame|Invisible Ghost|The Barretts of Wimpole Street|Black Dragons|Wings|Mutiny on the Bounty|The Canterville Ghost|Son of Frankenstein|The Raven|The Bribe|The Devil Bat|Frankenstein Meets the Wolf Man|Chandu the Magician|Ruggles of Red Gap|Abbott and Costello Meet Captain Kidd|Murders in the Rue Morgue|The Return of the Vampire|The Death Kiss|It Started with Eve|Aerial Gunner|Payment Deferred|Bride of the Monster|The Suspect|The Paradine Case|The Bishop Murder Case|This Land Is Mine|The Old Dark House|Dracula|The Girl Said No|One Body Too Many|Hobson's Choice|If I Had a Million,1,0.4027844504315878,0.0003843197540353574,0.9696791941421579,1.0,2,2,1301,1344,2,53.808698892593384,
152,llm_react,mistral:7b-instruct,who directed the movies written by [Sid Silvers],Sid Silvers,Roy Del Ruth,Roy Del Ruth|Busby Berkeley,1,0.4425130918647682,0.045454545454545456,0.8886363636363637,1.0,2,2,22,22,2,26.119499683380127,
153,llm_react,mistral:7b-instruct,who are the directors of the movies written by [Bernard McKenna],Bernard McKenna,"4 (Mel Damski) as visiting Mel Damski may lead us to other movies he directed, potentially including Yellowbeard since we already know he directed it. However, if we find another director connected to Bernard McKenna's work, that would be a more direct answer to the question. So, let's continue exploring.",Mel Damski,1,0.517325532299128,0.375,0.4107142857142857,1.0,4,3,8,7,4,52.30866479873657,
154,llm_react,mistral:7b-instruct,what are the films that have the same actor of [Chéri],Chéri,"Michelle Pfeiffer, Rupert Friend (these actors starred in Chéri)",Personal Effects|The Deep End of the Ocean|I Could Never Be Your Woman|The Young Victoria|Grease 2|I Am Sam|A Thousand Acres|Love Field|A Midsummer Night's Dream|Frankie and Johnny|The Witches of Eastwick|Batman Returns|The Family|One Fine Day|The Story of Us|People Like Us|Dark Shadows|Sweet Liberty|Into the Night|To Gillian on Her 37th Birthday|Outlaw|The Fabulous Baker Boys|Tequila Sunrise|Wolf|What Lies Beneath|The Russia House|The Age of Innocence|Mrs. Palfrey at the Claremont|Dangerous Minds|Ladyhawke|The Prince of Egypt|Scarface|Dangerous Liaisons,0,,,,,1,1,5128,5995,1,17.77163338661194,trajectory_too_short
155,llm_react,mistral:7b-instruct,when were the films written by [Steven E. de Souza] released,Steven E. de Souza,1982 (via traversing back from the release_year entity).,1990|2004|1982|1994|1988,1,0.9073356871319782,0.838095238095238,0.9235294117647059,1.0,2,2,70,83,2,64.87422227859497,
156,llm_react,mistral:7b-instruct,what languages are the movies acted by [Kurt Russell] in,Kurt Russell,English (by inference from Kurt Russell's language and the fact that Big Trouble in Little China is an American production),Norwegian|English|Spanish,1,0.9315695513379413,0.9236552920763448,0.893028024606972,1.0,2,2,266,335,2,43.91520833969116,
157,llm_react,mistral:7b-instruct,the films acted by [Michel Blanc] were directed by who,Michel Blanc,Michel Blanc,Larry Brand|Patrice Leconte|André Téchiné,0,0.5451466297756176,0.7672413793103449,0.15539632781012092,1.0,11,2,29,33,10,145.62440586090088,
158,llm_react,mistral:7b-instruct,when did the movies directed by [Stuart Burge] release,Stuart Burge,"The best next entity to visit to answer the question is 4, which corresponds to the year 1952. This edge connects ""Othello"" with the release year of the movie through the ""release_year_inv"" relationship.",1965|1995|1952,1,0.5021964958376841,0.09090909090909091,0.9329004329004329,1.0,2,2,22,21,2,35.53850531578064,
159,llm_react,mistral:7b-instruct,what are the genres of the movies directed by [Keith Snyder],Keith Snyder,Thriller,Thriller,1,0.5239480430902045,0.75,0.18253968253968253,0.8309859154929577,9,6,8,7,9,162.7970323562622,
160,llm_react,mistral:7b-instruct,what languages are the movies written by [Henry James] in,Henry James,"The movies written by Henry James are primarily in English, as they were all written by him during his lifetime. However, ""Celine and Julie Go Boating"" is a French film that was inspired by one of his stories but was not actually written by him.",French,1,,,,,1,1,84,97,1,25.160839319229126,trajectory_too_short
161,llm_react,mistral:7b-instruct,who wrote the movies directed by [Anne Bancroft],Anne Bancroft,"Anne Bancroft wrote the movies directed by her, as per the edge ""Fatso"" -> ""Anne Bancroft"" (directed_by).",Arild Fröhlich,0,0.23145248061690377,0.0006837606837606837,0.29810066476733144,1.0,6,2,195,221,6,125.94778251647949,
162,llm_react,mistral:7b-instruct,who is listed as screenwriter of [Manish Dayal] starred movies,Manish Dayal,written_by_inv),Steven Knight|Richard C. Morais,0,0.4164160960751555,0.16666666666666666,0.4393939393939394,1.0,4,2,12,11,4,62.119868755340576,
163,llm_react,mistral:7b-instruct,the films acted by [Joe Anderson] were directed by who,Joe Anderson,Anton Corbijn,Julie Taymor|Anton Corbijn|Gary Yates,1,0.5362146414521056,0.6879432624113475,0.18489361702127657,1.0,10,3,47,49,10,163.59465909004211,
164,llm_react,mistral:7b-instruct,which person directed the movies starred by [Frances Starr],Frances Starr,"The question asks for a person who directed movies starring Frances Starr. Currently, we have only found entities related to ""The Star Witness"" movie, but no information about who directed it. To find the answer, we need to visit an edge that leads us to a director. Since there is no such edge available from ""The Star Witness"", let's traverse edges related to actors starred in the same movie as Frances Starr.",William A. Wellman,0,0.46900415508659804,0.2857142857142857,0.39880952380952384,1.0,4,2,7,6,4,64.71690154075623,
165,llm_react,mistral:7b-instruct,the actor [Liza D'Agostino] starred together with who,Liza D'Agostino,Liza D'Agostino,Camila Griggs|Michael Harris|Nancy Allison Wolfe,1,0.4055289933502906,0.375,0.16428571428571428,1.0,10,3,8,7,10,158.6049120426178,
166,llm_react,mistral:7b-instruct,the director of [Ruby Gentry] also directed which movies,Ruby Gentry,King Vidor,Stella Dallas|Bird of Paradise|The Citadel|Comrade X|Beyond the Forest|The Patsy|Our Daily Bread|War and Peace|The Fountainhead|Wild Oranges|On Our Merry Way|Duel in the Sun|The Champ|The Wedding Night|Street Scene,0,,,,,1,1,180,182,1,12.693094253540039,trajectory_too_short
167,llm_react,mistral:7b-instruct,which movies share the same director of [The Catered Affair],The Catered Affair,"1. The Catered Affair (since it's already in the visited entities list, but not as an answer yet) or",The Last Time I Saw Paris|In Cold Blood|Battle Circus|$|The Brothers Karamazov|Lord Jim|Take the High Ground!|The Professionals|Looking for Mr. Goodbar|Crisis|Bite the Bullet|The Happy Ending|Wrong Is Right|Something of Value|Elmer Gantry|Sweet Bird of Youth|Cat on a Hot Tin Roof,0,0.31358579288453714,3.130968408528754e-05,0.6358070592901051,0.9285714285714286,4,3,5043,5808,4,107.26847100257874,
168,llm_react,mistral:7b-instruct,the actor [Jessica Lange] co-starred with who,Jessica Lange,,Gregory Peck|Joan Cusack|Ewan McGregor|Jason Robards|Halle Berry|Chris O'Donnell|Donald Moffat|Tom Felton|John Garfield|Kim Hunter|Nick Nolte|Jack Nicholson|Liam Neeson|Gene Tierney|Naomi Watts|Adrien Brody|Robert Armstrong|Paul Sorvino|Lana Turner|Billy Crudup|Treat Williams|Albert Finney|Polly Bergen|Vivien Leigh|Kim Stanley|Lauren Hutton|Drew Barrymore|Bruce Cabot|Tommy Lee Jones|Hume Cronyn|Richard Widmark|Mark Wahlberg|Sam Shepard|Anthony Hopkins|Fay Wray|Carrie Snodgress|Jack Black|John Hurt|Powers Boothe|Ann Wedgeworth|Polly Walker|Diane Lane|Jeff Bridges|Charles Grodin|Jeanne Tripplehorn|Teri Garr|Ken Howard|Johnathon Schaech|David Clennon|Robert Mitchum|Gwyneth Paltrow|Jennifer Jason Leigh|Tim Roth|Robert De Niro|Dabney Coleman|Marlon Brando|Michelle Pfeiffer|Cecil Kellaway|Michael Gambon|William Ash|Elizabeth Olsen|Juliette Lewis|James Caan|Oscar Isaac|Karl Malden|John Goodman|Alec Baldwin|Timothy Hutton|Jodhi May|Frederic Forrest|Dustin Hoffman|Christine Bottomley|Googie Withers|Dennis Quaid|Ed Harris,0,,,,,1,1,269,310,1,35.09905672073364,trajectory_too_short
169,llm_react,mistral:7b-instruct,the movies written by [Rodrigo García] were released in which years,Rodrigo García,2009),2002|1957|2009|2000|2005,1,0.8869146920621127,0.8423423423423423,0.8603603603603602,1.0,2,2,37,41,2,50.99732065200806,
170,llm_react,mistral:7b-instruct,who directed the films starred by [Nigel Patrick],Nigel Patrick,Basil Dearden,Ken Hughes|Basil Dearden|Albert Lewin,1,0.7207266279684527,0.7803030303030303,0.5296143250688705,0.9285714285714286,4,4,33,42,4,65.441565990448,
171,llm_react,mistral:7b-instruct,the films acted by [Haruka Ayase] were released in which years,Haruka Ayase,The films acted by Haruka Ayase were released in 2008.,2008,1,0.4519112988185585,0.6,0.145,0.8400000000000001,10,3,5,4,10,131.12856459617615,
172,llm_react,mistral:7b-instruct,who directed the movies acted by [Jacqueline Fernandez],Jacqueline Fernandez,Sajid Khan,Sajid Khan,1,0.5664403261490971,0.2,0.8555555555555556,1.0,2,2,10,9,2,26.085907459259033,
173,llm_react,mistral:7b-instruct,what are the movies that are directed by the same director of [The Yakuza],The Yakuza,This question does not have a valid answer based on the provided knowledge graph.,"Out of Africa|Havana|This Property Is Condemned|The Way We Were|Absence of Malice|The Firm|Tootsie|Random Hearts|The Scalphunters|The Slender Thread|The Interpreter|They Shoot Horses, Don't They?|Jeremiah Johnson|Castle Keep|The Electric Horseman|Three Days of the Condor|Sabrina",0,0.8825039776668048,0.7527173913043478,0.956929347826087,1.0,2,2,184,196,2,44.29000234603882,
174,llm_react,mistral:7b-instruct,what types are the movies written by [Stephen Tolkin],Stephen Tolkin,"Movies written by Stephen Tolkin include ""The Craigslist Killer"" and any other movies connected via the ""written_by"" edge from those movies to Stephen Tolkin.",Drama|Crime,0,0.7635144114719074,0.5666666666666667,0.8500000000000001,1.0,2,2,15,14,2,27.209190130233765,
175,llm_react,mistral:7b-instruct,which person directed the movies starred by [Hurd Hatfield],Hurd Hatfield,Jean Renoir.,Jean Renoir|Albert Lewin,1,0.766400601158306,0.55,0.8825000000000001,1.0,2,2,20,20,2,32.519134521484375,
176,llm_react,mistral:7b-instruct,the films directed by [David Roach] were in which genres,David Roach,"To find out the genres of films directed by David Roach, we would need information about the genre of ""Red Obsession"" since it's the film he directly worked on as a director. However, without additional context or knowledge graph data about the genre of ""Red Obsession"", I cannot definitively answer the question at this time.",Documentary,0,0.3067706812651258,0.0625,0.3392857142857143,1.0,5,2,16,15,5,72.63730430603027,
177,llm_react,mistral:7b-instruct,who are the directors of the movies acted by [Dwaine Stevenson],Dwaine Stevenson,Shane Abbess,Shane Abbess,1,0.3479861959928806,0.25,0.15977961432506887,1.0,11,3,12,11,10,151.08974242210388,
178,llm_react,mistral:7b-instruct,when were the films acted by [Una Merkel] released,Una Merkel,"To find the release year of films acted by Una Merkel, we need to look for information about their release dates. However, at this stage, the question asks specifically about Una Merkel's films and does not mention any specific film title. Since we don't have enough context to directly answer the question, let's visit one of the known films starred by Una Merkel to potentially find more information.",1961|1934,0,0.37157186293384364,0.0625,0.5499999999999999,1.0,3,2,16,15,3,44.7320671081543,
179,llm_react,mistral:7b-instruct,who acted together with [Varun Dhawan],Varun Dhawan,Varun Dhawan (since he is already connected to Student of the Year as a co-star),Alia Bhatt|Rishi Kapoor,0,0.3643335695826386,0.2857142857142857,0.15952380952380954,1.0,10,2,7,6,10,124.50156927108765,
180,llm_react,mistral:7b-instruct,which movies share the same actor of [Springfield Rifle],Springfield Rifle,Springfield Rifle,No Man of Her Own|Now and Forever|Dallas|One Sunday Afternoon|The Plainsman|The Real Glory|The Winning of Barbara Worth|The Wedding Night|Love in the Afternoon|High Noon|Meet John Doe|Cloak and Dagger|The Court-Martial of Billy Mitchell|Mr. Deeds Goes to Town|Beau Geste|The Fountainhead|Ten North Frederick|Casanova Brown|City Streets|Desire|They Came to Cordura|Unconquered|The Lives of a Bengal Lancer|Sergeant York|Morocco|Alice in Wonderland|The Cowboy and the Lady|Bewitched|For Whom the Bell Tolls|The Pride of the Yankees|Saratoga Trunk|Along Came Jones|Distant Drums|Vera Cruz|A Farewell to Arms|The General Died at Dawn|North West Mounted Police|Friendly Persuasion|The Hanging Tree|Ball of Fire|The Story of Dr. Wassell|The Westerner|The Naked Edge|Design for Living|Man of the West|Operator 13|If I Had a Million|The Wreck of the Mary Deare,1,0.4591874262954623,0.528407390624611,0.1971667725748844,0.8571428571428572,10,4,971,1096,10,181.193772315979,
181,llm_react,mistral:7b-instruct,who starred in the movies written by [Anthony Drazan],Anthony Drazan,Romance,Kevin Corrigan|Lois Bendler|Michael Rapaport,1,0.47865029544892074,0.6514556093349371,0.15084915084915085,0.8690476190476191,11,5,13,14,10,147.3526132106781,
182,llm_react,mistral:7b-instruct,who are the actors in the films written by [Aldo Lado],Aldo Lado,"Aldo Lado (as he wrote ""The Humanoid"" in 1979)",Barbara Bach|Ingrid Thulin|Jean Sorel,0,0.30929478035826063,0.16666666666666666,0.20634920634920634,0.875,7,3,9,9,7,71.50717353820801,
183,llm_react,mistral:7b-instruct,when did the movies written by [Travis Beacham] release,Travis Beacham,2013,2013,1,0.5125755578948528,0.10526315789473684,0.922514619883041,1.0,2,2,19,18,2,30.887718439102173,
184,llm_react,mistral:7b-instruct,what types are the movies starred by [Lola Lane],Lola Lane,"Movies starred by Lola Lane are primarily those where she has been marked as an actor, such as ""Marked Woman"".",Drama|Crime,0,0.4717408849260013,0.18181818181818182,0.5787878787878787,1.0,3,2,11,10,3,36.454208850860596,
185,llm_react,mistral:7b-instruct,what genres do the movies directed by [Steve Beck] fall under,Steve Beck,Ghost Ship,Horror,1,0.5684458481096544,0.375,0.5476190476190476,1.0,3,3,8,7,3,30.226558446884155,
186,llm_react,mistral:7b-instruct,who are the directors of the films written by [Thomas C. Ryan],Thomas C. Ryan,Otto Preminger,Otto Preminger,1,0.5766809811612378,0.2222222222222222,0.8402777777777778,1.0,2,2,9,8,2,24.278573751449585,
187,llm_react,mistral:7b-instruct,which films have the same actor of [White Man's Burden],White Man's Burden,White Man's Burden,"Primary Colors|Blow Out|Eyes of an Angel|Two of a Kind|Look Who's Talking|Shout|Basic|Carmen Jones|Wild Hogs|Pulp Fiction|Grease|Urban Cowboy|Uptown Saturday Night|Swordfish|Get Shorty|The World, the Flesh and the Devil|Face/Off|From Paris with Love|Ladder 49|Odds Against Tomorrow|Bolt|Buck and the Preacher|Moment by Moment|Killing Season|Battlefield Earth|Michael|Phenomenon|Kansas City|Mad City|A Civil Action|Old Dogs|Look Who's Talking Now|Domestic Disturbance|Look Who's Talking Too|The General's Daughter|Be Cool|Staying Alive|The Experts|She's So Lovely|Broken Arrow|Saturday Night Fever|The Angel Levine",0,0.18107055777572495,3.467346266534905e-05,0.14993238674780257,1.0,10,2,4437,4677,10,117.57142543792725,
188,llm_react,mistral:7b-instruct,the movies directed by [Antonio Banderas] were released in which years,Antonio Banderas,"The next best entity to visit to answer the question would be Antonio Banderas (6). However, since we have already visited Antonio Banderas and he is connected to Shrek the Halls through the ""starred_actors"" edge, we can infer that Antonio Banderas directed movies with Shrek the Halls, but not necessarily Shrek the Halls itself. To find out the release year of a movie directed by Antonio Banderas, we would need to traverse the graph further from Antonio Banderas to find a movie he directed and its release year. So, let's say ANSWER_LATER for now.",1999,0,0.923655745148219,0.9238866396761134,0.8707236842105264,1.0,2,2,190,259,2,72.68533110618591,
189,llm_react,mistral:7b-instruct,which person directed the films written by [Mildred Cram],Mildred Cram,Leo McCarey,Leo McCarey|Glenn Gordon Caron,1,0.7732939938376298,0.532258064516129,0.9301075268817204,1.0,2,2,31,31,2,29.861510753631592,
190,llm_react,mistral:7b-instruct,the actor in [I Love You Phillip Morris] also appears in which films,I Love You Phillip Morris,"6 (Trainspotting) as it is already visited and connected, but not yet used in the current context. This will help to expand the answer set for the question.",The Impossible|Black Hawk Down|Deception|Yes Man|Mr. Popper's Penguins|Moulin Rouge!|Big Fish|Trainspotting|Bruce Almighty|The Truman Show|A Christmas Carol|Blue Juice|Mortdecai|Down with Love|Once Bitten|Man on the Moon|Jackboots on Whitehall|Miss Potter|Copper Mountain|Earth Girls Are Easy|Nightwatch|Stay|Horton Hears a Who!|The Incredible Burt Wonderstone|Amelia|The Island|Eternal Sunshine of the Spotless Mind|Brassed Off|Lemony Snicket's A Series of Unfortunate Events|Jack the Giant Slayer|The Ghost Writer|Eye of the Beholder|Incendiary|The Mask|Batman Forever|Rogue Trader|Dumb and Dumber To|The Cable Guy|Son of a Gun|The Men Who Stare at Goats|Liar Liar|The Number 23|Last Days in the Desert|Shallow Grave|Fun with Dick and Jane|Perfect Sense|The Sex and Violence Family Hour|The Majestic,1,0.2987393694945514,8.910670527957228e-05,0.537375091493492,1.0,4,4,4489,5407,4,77.63691115379333,
191,llm_react,mistral:7b-instruct,when did the movies written by [Ann Howard Creel] release,Ann Howard Creel,The Magic of Ordinary Days,2005,1,0.5518995592166313,0.3333333333333333,0.5601851851851852,1.0,3,3,9,8,3,37.17003273963928,
192,llm_react,mistral:7b-instruct,the movies starred by [Miranda Richardson] were in which languages,Miranda Richardson,"To find out in which languages the movies starred by Miranda Richardson were made, we need to traverse the knowledge graph and look for information about the languages of these films. However, the given knowledge graph does not explicitly provide this information. Therefore, I cannot definitively answer the question without additional context or a database that includes language details for each movie.",Japanese|French,0,,,,,1,1,139,147,1,35.63524866104126,trajectory_too_short
193,llm_react,mistral:7b-instruct,what types are the movies written by [John Dighton],John Dighton,"The movies written by John Dighton are The Man in the White Suit, The Swan, Kind Hearts and Coronets, The Happiest Days of Your Life, and Roman Holiday.",Comedy,0,,,,,1,1,46,54,1,17.38156747817993,trajectory_too_short
194,llm_react,mistral:7b-instruct,who are the actors in the movies written by [Randy Sue Coburn],Randy Sue Coburn,Jennifer Jason Leigh,Jennifer Jason Leigh,1,0.42465160596340645,0.42857142857142855,0.15952380952380954,1.0,10,3,7,6,10,116.31645727157593,
195,llm_react,mistral:7b-instruct,the director of [De Dana Dan] also directed which films,De Dana Dan,Priyadarshan,Billu|Aakrosh,0,,,,,1,1,4421,4802,1,15.734325170516968,trajectory_too_short
196,llm_react,mistral:7b-instruct,what were the release dates of [Luther Adler] acted films,Luther Adler,"Unfortunately, I don't have specific release date information for Luther Adler's films directly. However, since it is known that he starred in ""The Brotherhood"", I would suggest looking up the production and release dates of ""The Brotherhood"" to potentially find the release dates of Luther Adler's acted films.",1968,0,0.4717408849260013,0.18181818181818182,0.5787878787878787,1.0,3,2,11,10,3,40.32858657836914,
197,llm_react,mistral:7b-instruct,who are the writers of the movies directed by [Morgan Freeman],Morgan Freeman,Brad Silberling,Percy Mtwa,0,0.9417139727894778,0.9447831978319783,0.8977272727272727,1.0,2,2,328,462,2,58.82642316818237,
198,llm_react,mistral:7b-instruct,when were the movies written by [Bob Brooks] released,Bob Brooks,"To find out when the movies written by Bob Brooks were released, we need to find the release year of the movies. However, since there is only an edge connecting Bob Brooks with the movie ""Tattoo"" (via directed_by_inv), and no information about its release year is available yet, I cannot provide a specific answer at this time.",1981,0,0.5345982083630979,0.3333333333333333,0.5111111111111112,1.0,3,2,6,5,3,47.31935739517212,
199,llm_react,mistral:7b-instruct,who wrote the movies acted by [Guy Doleman],Guy Doleman,James Doran,James Doran,1,0.4303341463961953,0.3,0.2851851851851852,1.0,6,3,10,9,6,73.57047319412231,
